date,symbol,flags,decision,evidence,reason,reviewer,reviewed_at,source_sha256
2009-10-21,CL,rk_rv5_disagreement;low_far_below_open_close,suspected_quote_error_unresolved,ES_CL_REVIEW.md section 1; original OHLC and RK/RV5/RV5_SS; S1 methodology only,Near-half-price low and estimator disagreement; suspect quote contamination; no tick-level or independent same-contract validation.,Codex preliminary evidence review (not group approval),2026-09-29,face904a9aeb062796d8fb2c2d17c7e2a2df6f7ecfdca9e473232ddebecacb8f
2009-11-13,CL,rk_rv5_disagreement;low_far_below_open_close,suspected_quote_error_unresolved,ES_CL_REVIEW.md section 1; original OHLC and RK/RV5/RV5_SS; S1 methodology only,Near-half-price low and estimator disagreement; suspect quote contamination; no tick-level or independent same-contract validation.,Codex preliminary evidence review (not group approval),2026-09-29,face904a9aeb062796d8fb2c2d17c7e2a2df6f7ecfdca9e473232ddebecacb8f
2009-12-09,CL,low_far_below_open_close,suspected_quote_error_unresolved,ES_CL_REVIEW.md section 1; original OHLC and RK/RV5/RV5_SS; S1 methodology only,Near-half-price low and estimator disagreement; suspect quote contamination; no tick-level or independent same-contract validation.,Codex preliminary evidence review (not group approval),2026-09-29,face904a9aeb062796d8fb2c2d17c7e2a2df6f7ecfdca9e473232ddebecacb8f
2020-03-09,CL,large_unadjusted_close_move_possible_roll,retain_crisis_move_provisional,ES_CL_REVIEW.md section 3; S3 and S4 crisis context only; local estimator comparisons,Retain pending contrary evidence; extreme move during oil crisis is not proof of error. External context does not validate the exact quote or provider session.,Codex preliminary evidence review (not group approval),2026-09-29,face904a9aeb062796d8fb2c2d17c7e2a2df6f7ecfdca9e473232ddebecacb8f
2020-03-18,CL,large_unadjusted_close_move_possible_roll,retain_crisis_move_provisional,ES_CL_REVIEW.md section 3; S3 and S4 crisis context only; local estimator comparisons,Retain pending contrary evidence; extreme move during oil crisis is not proof of error. External context does not validate the exact quote or provider session.,Codex preliminary evidence review (not group approval),2026-09-29,face904a9aeb062796d8fb2c2d17c7e2a2df6f7ecfdca9e473232ddebecacb8f
2020-03-19,CL,large_unadjusted_close_move_possible_roll,retain_crisis_move_provisional,ES_CL_REVIEW.md section 3; S3 and S4 crisis context only; local estimator comparisons,Retain pending contrary evidence; extreme move during oil crisis is not proof of error. External context does not validate the exact quote or provider session.,Codex preliminary evidence review (not group approval),2026-09-29,face904a9aeb062796d8fb2c2d17c7e2a2df6f7ecfdca9e473232ddebecacb8f
2020-04-16,CL,large_unadjusted_close_move_possible_roll,possible_roll_contamination_unresolved,ES_CL_REVIEW.md section 2; S2 rollover rules; S3 footnote 38 (PDF page 11),Price-level jump and agreement across estimators may reflect a shared contract switch; exact provider switch and session boundary remain unknown.,Codex preliminary evidence review (not group approval),2026-09-29,face904a9aeb062796d8fb2c2d17c7e2a2df6f7ecfdca9e473232ddebecacb8f
2020-04-21,CL,low_far_below_open_close;large_unadjusted_close_move_possible_roll,retain_crisis_move_provisional,ES_CL_REVIEW.md section 3; S3 and S4 crisis context only; local estimator comparisons,Retain pending contrary evidence; extreme move during oil crisis is not proof of error. External context does not validate the exact quote or provider session.,Codex preliminary evidence review (not group approval),2026-09-29,face904a9aeb062796d8fb2c2d17c7e2a2df6f7ecfdca9e473232ddebecacb8f
2020-04-22,CL,large_unadjusted_close_move_possible_roll,retain_crisis_move_provisional,ES_CL_REVIEW.md section 3; S3 and S4 crisis context only; local estimator comparisons,Retain pending contrary evidence; extreme move during oil crisis is not proof of error. External context does not validate the exact quote or provider session.,Codex preliminary evidence review (not group approval),2026-09-29,face904a9aeb062796d8fb2c2d17c7e2a2df6f7ecfdca9e473232ddebecacb8f
2020-04-23,CL,large_unadjusted_close_move_possible_roll,retain_crisis_move_provisional,ES_CL_REVIEW.md section 3; S3 and S4 crisis context only; local estimator comparisons,Retain pending contrary evidence; extreme move during oil crisis is not proof of error. External context does not validate the exact quote or provider session.,Codex preliminary evidence review (not group approval),2026-09-29,face904a9aeb062796d8fb2c2d17c7e2a2df6f7ecfdca9e473232ddebecacb8f
2020-04-27,CL,large_unadjusted_close_move_possible_roll,retain_crisis_move_provisional,ES_CL_REVIEW.md section 3; S3 and S4 crisis context only; local estimator comparisons,Retain pending contrary evidence; extreme move during oil crisis is not proof of error. External context does not validate the exact quote or provider session.,Codex preliminary evidence review (not group approval),2026-09-29,face904a9aeb062796d8fb2c2d17c7e2a2df6f7ecfdca9e473232ddebecacb8f
2020-04-28,CL,large_unadjusted_close_move_possible_roll,retain_crisis_move_provisional,ES_CL_REVIEW.md section 3; S3 and S4 crisis context only; local estimator comparisons,Retain pending contrary evidence; extreme move during oil crisis is not proof of error. External context does not validate the exact quote or provider session.,Codex preliminary evidence review (not group approval),2026-09-29,face904a9aeb062796d8fb2c2d17c7e2a2df6f7ecfdca9e473232ddebecacb8f
2020-04-29,CL,large_unadjusted_close_move_possible_roll,retain_crisis_move_provisional,ES_CL_REVIEW.md section 3; S3 and S4 crisis context only; local estimator comparisons,Retain pending contrary evidence; extreme move during oil crisis is not proof of error. External context does not validate the exact quote or provider session.,Codex preliminary evidence review (not group approval),2026-09-29,face904a9aeb062796d8fb2c2d17c7e2a2df6f7ecfdca9e473232ddebecacb8f
2021-03-29,ES,rk_rv5_disagreement;low_far_below_open_close,suspected_quote_error_unresolved,ES_CL_REVIEW.md section 1; original OHLC and RK/RV5/RV5_SS; S1 methodology only,Near-half-price low and estimator disagreement; suspect quote contamination; no tick-level or independent same-contract validation.,Codex preliminary evidence review (not group approval),2026-09-29,face904a9aeb062796d8fb2c2d17c7e2a2df6f7ecfdca9e473232ddebecacb8f
